blockNumber,timeStamp,hash,nonce,blockHash,transactionIndex,from,to,value,gas,gasPrice,isError,txreceipt_status,input,contractAddress,cumulativeGasUsed,gasUsed,confirmations,methodId,functionName
16451500,1674259715,0x635e433c030e62ddc8823dccf71d16fcf368e22a4355db97d45fbb111af1fe2f,4168804,0x4442ca021ad08042ab0da63f4a61c641211f9c4aeaa7d8299c5ae5b9e0c9e0cb,87,0x56eddb7aa87536c09ccc2793473599fd21a8b17f,0x21e6ee1995aa76cb18eb4d20a97abd11c9449be3,5984308500000000000,207128,22140273179,0,1,0x,,8328613,21000,71741,0x,
16451500,1674259715,0x82c3393594c2e3cbf7276c7f1922192c6ec777276d85edac1b90ff1630717915,4168805,0x4442ca021ad08042ab0da63f4a61c641211f9c4aeaa7d8299c5ae5b9e0c9e0cb,95,0x56eddb7aa87536c09ccc2793473599fd21a8b17f,0xdac17f958d2ee523a2206206994597c13d831ec7,0,207128,22140273179,0,1,0xa9059cbb00000000000000000000000093bc3b7fe556c25374aa3b6406e49176869d5218000000000000000000000000000000000000000000000000000000001d9739d0,,8805419,63209,71741,0xa9059cbb,"transfer(address _to, uint256 _value)"
16451501,1674259727,0xbe3eb2c821598fa9dd3e4ed68cd016dde95356d30c4100c4f274043943824217,4168806,0x1b6a17b7ee0706e5b1ccf860680161f1b6baa6dc0752750f3aef8b8c3d6e055e,74,0x56eddb7aa87536c09ccc2793473599fd21a8b17f,0xb4fe9b3f2ae8aa7009a7755ca35a5b31e154c571,12170760000000000,207128,23581666711,0,1,0x,,8910604,21000,71740,0x,
16451501,1674259727,0x86826c76eb4f11748da26a0e6e343118ca25a7be8be584d0d42c0387700aeddd,4168807,0x1b6a17b7ee0706e5b1ccf860680161f1b6baa6dc0752750f3aef8b8c3d6e055e,80,0x56eddb7aa87536c09ccc2793473599fd21a8b17f,0xdac17f958d2ee523a2206206994597c13d831ec7,0,207128,23581666711,0,1,0xa9059cbb00000000000000000000000070e2b5e7f13dd7e1a913f9dc80de11efedaa3de6000000000000000000000000000000000000000000000000000000000c01e210,,9661089,63209,71740,0xa9059cbb,"transfer(address _to, uint256 _value)"
16451505,1674259775,0x466ed94a254020e68076337ce102cf244e1650b9b03f11d30eae14da335d04ff,4168808,0x1be9ed79c4fee035c198700c0801c72e5abe820b0aeaeee6dcd5a1ac42d02956,50,0x56eddb7aa87536c09ccc2793473599fd21a8b17f,0x1c9ec7167a1d69cfc0f66cc5c4c64f497db130ab,11421740000000000,207128,28260896473,0,1,0x,,3260340,21000,71736,0x,
16451506,1674259787,0xd532899df0e1c6b9b8078a2e85b063eb7b7f7c5f3317937e03b7f2359029dd87,4168809,0x93f5cfe00a716b152380691f831ff059e9e7ed3415bdc8c4f1026a31bdf19820,58,0x56eddb7aa87536c09ccc2793473599fd21a8b17f,0x5ab3ef40f35323b4017aad248f7d8c5bc7602336,22220330000000000,207128,27160561191,0,1,0x,,5391245,21000,71735,0x,
16451506,1674259787,0x2cbebd53a5c33556a50090eb6511fc0e36932635e288ec35606a39d780e9f8f4,4168810,0x93f5cfe00a716b152380691f831ff059e9e7ed3415bdc8c4f1026a31bdf19820,65,0x56eddb7aa87536c09ccc2793473599fd21a8b17f,0xdac17f958d2ee523a2206206994597c13d831ec7,0,207128,27160561191,0,1,0xa9059cbb000000000000000000000000eb3f1300946655e27434fdf21c9eda6798f2daa800000000000000000000000000000000000000000000000000000000d3628850,,5821920,63197,71735,0xa9059cbb,"transfer(address _to, uint256 _value)"
16451507,1674259799,0x94a9d929baaf5c54b785e33959017465e32fa342ebde6f2c18eb56308f8029b4,4168811,0xc258a5363c916d443799b7136369c69d87fc90d552e4918390c6126a7bacbb70,54,0x56eddb7aa87536c09ccc2793473599fd21a8b17f,0xa9c98cd55e12060259f51824ee7bf6f822ba7593,279682400000000000,207128,27079104504,0,1,0x,,5674536,21000,71734,0x,
16451509,1674259823,0x242fe1c123cc6e8c72af9c8275f7dc4ed0a9375ccbc6f63456475c6f1e4473c5,4168812,0xc721b425f39e3fb435f8cf388311d8b16abaf4751765ea33aa89782ba9f1cdbf,38,0x56eddb7aa87536c09ccc2793473599fd21a8b17f,0x821f6c8b41caae119b8eafc9c482ed4f67792e19,12990430000000000,207128,27040611171,0,1,0x,,4300732,21000,71732,0x,
16451509,1674259823,0xee3965cf6d5c4abedad9d76cc5dd3aa6a721a2897cfe19bcff8b12356c8f9f99,4168813,0xc721b425f39e3fb435f8cf388311d8b16abaf4751765ea33aa89782ba9f1cdbf,47,0x56eddb7aa87536c09ccc2793473599fd21a8b17f,0xdac17f958d2ee523a2206206994597c13d831ec7,0,207128,27040611171,0,1,0xa9059cbb0000000000000000000000002e4be77a773659cf07ac526208b5c43cddd462710000000000000000000000000000000000000000000000000000000005fb3830,,4652071,46109,71732,0xa9059cbb,"transfer(address _to, uint256 _value)"
16451510,1674259835,0x711426af64f4dd4255c0e077785d6a478b1c6feef7f045a9e9669d1bcdacc654,4168814,0x7ab2012f90e42c343e35f5f6a2f15a7bb63f817c0dc9e14c8fa22ba28c8d48b3,55,0x56eddb7aa87536c09ccc2793473599fd21a8b17f,0x20ed91cc48fac3615c9379721e9bf127bbea0a59,8800000000000000,207128,26456545385,0,1,0x,,4278998,21000,71731,0x,
16451511,1674259847,0x635b5742064fdd092bd35f584c243a39ff9e0b6468476358f6e0eb1d15c3f78e,4168815,0xd44efe2cb4142782a51fe4fad2a2a70abe26c54993fb66cf2d2f0681a6050915,50,0x56eddb7aa87536c09ccc2793473599fd21a8b17f,0x9644ac9ef3ec31c246b5e9c928d4061dbaa36af9,16739160000000000,207128,26400876785,0,1,0x,,4952386,21000,71730,0x,
16451511,1674259847,0x03274ef0bb101b7c97afc4e538b48c18f759b93ae9ffee50c6c337d9307fd6c7,4168816,0xd44efe2cb4142782a51fe4fad2a2a70abe26c54993fb66cf2d2f0681a6050915,77,0x56eddb7aa87536c09ccc2793473599fd21a8b17f,0xed96383aa5f0e9ec4cae19fb7b77b3162d26b9bc,44800000000000000,207128,26400876785,0,1,0x,,7968815,21000,71730,0x,
16451512,1674259859,0x0b09ce663a2f2624b3b74a7d6f2eed28435850fd2895e3264a74e8805e150b24,4168817,0x6183922f1d0f483230d0da2ffc9c63988528f9914814141c92f365d573796841,53,0x56eddb7aa87536c09ccc2793473599fd21a8b17f,0xdac17f958d2ee523a2206206994597c13d831ec7,0,207128,25969185217,0,1,0xa9059cbb00000000000000000000000084e1c6774fa14351a6c22afdcb7f87dfffe4f77100000000000000000000000000000000000000000000000000000000091ee660,,3189664,63209,71729,0xa9059cbb,"transfer(address _to, uint256 _value)"
16451514,1674259883,0x3b0dde91c9274116db0e7e780a12e41e9d3e029d013083c9d886268881112248,4168818,0x9371fb7ef9f755396172b8cf6ab267b63dc92970c65569a46158469841a7de92,41,0x56eddb7aa87536c09ccc2793473599fd21a8b17f,0x919f69d4eb7d53a3a645aa75f21e77a370edf258,85841950000000000,207128,26074668513,0,1,0x,,4746487,21000,71727,0x,
16451515,1674259895,0x26bfac857d5e18ed8e38c703e3d933b0aca4193f29392df47305f5886e02782d,4168819,0xc5fa518e7abc77cbfae73b6ed0f6fceb2082dfc93aa6a70bb4536f42841b3f37,74,0x56eddb7aa87536c09ccc2793473599fd21a8b17f,0x5ea595759130fa6a4dc5c3b6730fdec540791063,38800000000000000,207128,25583168708,0,1,0x,,8086373,21000,71726,0x,
16451516,1674259907,0x018874c19c5de9e3192dde502efad5ad2684259cbbf5f7a3812a566b3e7302cd,4168820,0xc0e73b1b3b7becf3e820aa9618ec5e84bad8785835e6a5be0eb4d95d82f5567a,88,0x56eddb7aa87536c09ccc2793473599fd21a8b17f,0xbd03f8a5d62f9449920aaa383ab136007332f1d6,52398700000000000,207128,25946231393,0,1,0x,,9866374,21000,71725,0x,
16451517,1674259919,0x442d9e5dd3c042d2de2d68406c1ec063cdd9040fbdca00d6b093e41c6e3dd62b,4168821,0x58496e5986146c457ef5d1c683ca6d8ad37813b28af78105eeb67c13324b83a3,102,0x56eddb7aa87536c09ccc2793473599fd21a8b17f,0xe81cfe8eb99b7bc5c76ce8d0cf585c1f0cf5b973,408570000000000000,207128,26882389553,0,1,0x,,10857687,21000,71724,0x,
16451517,1674259919,0xbc58ea717be5f37e5fdbd30e1b63312e52b2e7e6dd66a83b084c804d0b4933d2,4168822,0x58496e5986146c457ef5d1c683ca6d8ad37813b28af78105eeb67c13324b83a3,111,0x56eddb7aa87536c09ccc2793473599fd21a8b17f,0xdac17f958d2ee523a2206206994597c13d831ec7,0,207128,26882389553,0,1,0xa9059cbb00000000000000000000000074c5b6dc5342561e5375ca49cd2ae5983c2d1e64000000000000000000000000000000000000000000000000000000001e48c706,,11130575,63209,71724,0xa9059cbb,"transfer(address _to, uint256 _value)"
16451520,1674259955,0x12fe7414f1e94be79ef6a3ca10290e6d4525a4cfdf7ed8ac56e6f2eda2171550,4168823,0xc20feaf90fb0e19622dbd5b346871c3db99e93b90e7d652f553a0d0f9b5e3c70,51,0x56eddb7aa87536c09ccc2793473599fd21a8b17f,0xdfdd36bcfbefc4d28341ffffbb6fd74d52b87318,70460290000000000,207128,30849369279,0,1,0x,,5466345,21000,71721,0x,
16451521,1674259967,0xbd8583676ea64914bebcd1773a067697623990b492c727752b13af73e88c5c67,4168824,0x5afcf590fff6e2ce0542d3c1ab3b451f3cc1edf1cdb89fa0f7b469507ff7ae90,46,0x56eddb7aa87536c09ccc2793473599fd21a8b17f,0xbf3396100feed64f36ec641c5c427c0b36252d03,58800000000000000,207128,31118937545,0,1,0x,,6529060,21000,71720,0x,
16451523,1674259991,0xc31116016652ad5485e511658f3a31d67a627d61824ab3b534cda07d46898a17,4168825,0x19f0f7d8d2de935a902016f7d7d6ec5e8f61334a57a0751accb1d90b05b36e10,87,0x56eddb7aa87536c09ccc2793473599fd21a8b17f,0x8eb871bbb6f754a04bca23881a7d25a30aad3f23,1468343160000000000,207128,32438105591,0,1,0x,,6209959,21000,71718,0x,
16451525,1674260015,0xfaae1fddda0b591b2cc8b380f94500ab3667dbc6665af476b694d012af1c67fc,4168826,0x6e7e1a9f389814cdc170b444c0ad351c1028bdde7b1642d55c75b9d217f0a1a0,61,0x56eddb7aa87536c09ccc2793473599fd21a8b17f,0x61c2779cfe1267ec486c914b80ed475e6de3863f,309688800000000000,207128,30200563057,0,1,0x,,5180785,21000,71716,0x,
16451525,1674260015,0x7bc2c173eec42f1316a733e7184ca42ec197b2a6dd5b0908842d90173797e8bd,4168827,0x6e7e1a9f389814cdc170b444c0ad351c1028bdde7b1642d55c75b9d217f0a1a0,67,0x56eddb7aa87536c09ccc2793473599fd21a8b17f,0xdac17f958d2ee523a2206206994597c13d831ec7,0,207128,30200563057,0,1,0xa9059cbb0000000000000000000000009839b8540b63d5dfc2750a097c441366c1d1670f0000000000000000000000000000000000000000000000000000000011ab77d0,,5511219,63209,71716,0xa9059cbb,"transfer(address _to, uint256 _value)"
16451528,1674260051,0x74303c84f7f46e8b39f8bbbd6628c076736eeeed8b10d2b0350b0e065780b01a,4168828,0x4e07c6dbefbc8d77528d257726b6517ef40afb3565320beb5e80718a4ee80be3,61,0x56eddb7aa87536c09ccc2793473599fd21a8b17f,0xdac17f958d2ee523a2206206994597c13d831ec7,0,207128,28631581243,0,1,0xa9059cbb000000000000000000000000b5dae0fc602c32813bc05b1b45c01beb955804fb000000000000000000000000000000000000000000000000000000000426a36f,,6170801,63209,71713,0xa9059cbb,"transfer(address _to, uint256 _value)"
16451531,1674260087,0x45e2710824b961987f608dc903403a53f5deaa0423e8e57a271042a8d80bdef4,4168829,0x119de2591d34d8f203d6113df7a33bf0b4077e9e5e80fb5efea98fcf1f0516a1,64,0x56eddb7aa87536c09ccc2793473599fd21a8b17f,0xfe92f48d7fcf9d841c58d3496ad2e00642b047ed,1232300000000000000,207128,28723050214,0,1,0x,,4816470,21000,71710,0x,
16451533,1674260111,0x52e0b2eb4d98f95ef99c991ea81f85de4712b620c7f4da63bb598c9db154b0d2,4168830,0x11144cf0fa164a2f51c950c32f5b12aded7e79449482eae96a4a8299b0d25f0a,73,0x56eddb7aa87536c09ccc2793473599fd21a8b17f,0x953e35d4361d0e748cf90e47624e4659d2e22a38,40158600000000000,207128,25605955779,0,1,0x,,7123182,21000,71708,0x,
16451536,1674260147,0xd043ab3d72307f607ee5a80fcb38e02e8a43ef48d9f12e1bfd881a31145e6477,4168831,0xa747caeb0a9e1443dae4063483927be99808419fd9589d4686b3632df30373d1,41,0x56eddb7aa87536c09ccc2793473599fd21a8b17f,0x03be77756486f0d0876b68ca08674f0c8e3537a9,2613560170000000000,207128,27009470557,0,1,0x,,5293704,21000,71705,0x,
16451536,1674260147,0xa182da2cf578bbfc71194efb36a285e9bddd1a17086f27cae9ab87ca252d52db,4168832,0xa747caeb0a9e1443dae4063483927be99808419fd9589d4686b3632df30373d1,44,0x56eddb7aa87536c09ccc2793473599fd21a8b17f,0xdac17f958d2ee523a2206206994597c13d831ec7,0,207128,27009470557,0,1,0xa9059cbb000000000000000000000000371b0cf8f3c4550880a2f1de40a3f5b35d6057770000000000000000000000000000000000000000000000000000000007a234b5,,5463057,63209,71705,0xa9059cbb,"transfer(address _to, uint256 _value)"
16451540,1674260195,0x2d13072b0d5c1336e8604bd1a5886f8777cc02520467a5f2b743629c16739006,4168833,0x494081749ecd0f972f6fd69f30f868e61bdba9ae5221cbd4a6fe27e10654e248,64,0x56eddb7aa87536c09ccc2793473599fd21a8b17f,0xdac17f958d2ee523a2206206994597c13d831ec7,0,207128,25379291039,0,1,0xa9059cbb000000000000000000000000789510c1d096072c6c1d017dda72333d50415cfc0000000000000000000000000000000000000000000000000000000002c4c550,,4597349,46109,71701,0xa9059cbb,"transfer(address _to, uint256 _value)"
16451544,1674260243,0xcde524feaae002cc6b1c19ce0835ae20d5a5c76e07fc42409df5b990b85ab631,4168834,0xa7e80023f993312023b40e569677967ee86086a0c84d4f8e6add351e5eeb9545,63,0x56eddb7aa87536c09ccc2793473599fd21a8b17f,0xdac17f958d2ee523a2206206994597c13d831ec7,0,207128,25879312878,0,1,0xa9059cbb00000000000000000000000004630fb88294bfe6476856d93355e2e6a94d43af0000000000000000000000000000000000000000000000000000000253d5b8d0,,4647703,46121,71697,0xa9059cbb,"transfer(address _to, uint256 _value)"
16451545,1674260255,0xc07dc1c54c2682d5107671746c64bf7afe4348c680ac160a3f50834f73ad120d,4168835,0x6f1051ecb0b0cffc7997bc9dcaf693135942edad26153c50bc6cfafecdd0108b,46,0x56eddb7aa87536c09ccc2793473599fd21a8b17f,0x68aa761c027b5d5f528f359101bc9ec31504a18c,65800000000000000,207128,25583051596,0,1,0x,,4036678,21000,71696,0x,
16451545,1674260255,0x19ff2812f814bfc280f7709e9da976cc435b842fa302cd09c3578476a78b2dc5,4168836,0x6f1051ecb0b0cffc7997bc9dcaf693135942edad26153c50bc6cfafecdd0108b,51,0x56eddb7aa87536c09ccc2793473599fd21a8b17f,0xdac17f958d2ee523a2206206994597c13d831ec7,0,207128,25583051596,0,1,0xa9059cbb000000000000000000000000560ce9e2eb9eac47cfdc2c1f99e6d9d71af12916000000000000000000000000000000000000000000000000000000027c2f6e48,,4166799,46121,71696,0xa9059cbb,"transfer(address _to, uint256 _value)"
16451545,1674260255,0x5dd5a8ca8c71f683626cd95259c16b8279d32089e562566b14719b133ce29056,4168837,0x6f1051ecb0b0cffc7997bc9dcaf693135942edad26153c50bc6cfafecdd0108b,54,0x56eddb7aa87536c09ccc2793473599fd21a8b17f,0xb56a8480db3c68c72bb23c2f1aa7ddfb4036b2e0,33565200000000000,207128,25583051596,0,1,0x,,4229799,21000,71696,0x,
16451546,1674260267,0x0b5c11f79bf8ab2d353f4a4af2d2a37b6b525b51497d6756f471aaae8c32c34d,4168838,0xf1fa5a77c9b9ef1a029dbc78de4c877542b6324c3d3efd6f37a032959ce2de40,34,0x56eddb7aa87536c09ccc2793473599fd21a8b17f,0xc9fc38589885e55f78ac8d87e269240b8d30c57d,45425780000000000,207128,26045552970,0,1,0x,,2737535,21000,71695,0x,
16451547,1674260279,0x35c4d26ae205ff02bdbfaeb7b180f58f99ca17b117d2c0e379087d40f4588489,4168839,0x9416677a7b0c31bed352ff3a288ae67e71f9f53bba7c19c80a5673ec0d80b47b,41,0x56eddb7aa87536c09ccc2793473599fd21a8b17f,0x4a090a009a4f60ddb198ba671e09f44679736029,158800000000000000,207128,25540105027,0,1,0x,,5577734,21000,71694,0x,
16451547,1674260279,0x62b0211ce4857df12c4f62d1b6e96a3b7404a13d3c1723a5d468b906bd0c4697,4168840,0x9416677a7b0c31bed352ff3a288ae67e71f9f53bba7c19c80a5673ec0d80b47b,45,0x56eddb7aa87536c09ccc2793473599fd21a8b17f,0xdac17f958d2ee523a2206206994597c13d831ec7,0,207128,25540105027,0,1,0xa9059cbb00000000000000000000000041ff286df42ba84e4eb46bd56ec48c6b671872ef000000000000000000000000000000000000000000000000000000001d8dd15d,,5771285,63209,71694,0xa9059cbb,"transfer(address _to, uint256 _value)"
16451551,1674260327,0x076413a9a951c342df26052967c71379b8d9d3dc596f0829dd0fc6b39167414b,4168841,0x811475fcd9eb1acf77e96005d810ffb34db187947ca6bad16b6163d2eea822dd,45,0x56eddb7aa87536c09ccc2793473599fd21a8b17f,0x58701a082dc2378a6ec8ae335ecc80633fa2a7a1,360800000000000000,207128,24497309475,0,1,0x,,4176089,21000,71690,0x,
16451551,1674260327,0x0ae22d2b36dcae90680ec90efe7c9f51eaf65d2a2ab71aa2f66387f8786fa816,4168842,0x811475fcd9eb1acf77e96005d810ffb34db187947ca6bad16b6163d2eea822dd,47,0x56eddb7aa87536c09ccc2793473599fd21a8b17f,0xdac17f958d2ee523a2206206994597c13d831ec7,0,207128,24497309475,0,1,0xa9059cbb000000000000000000000000c89518cd07064c6a4762e073cf8c73c75052b24c0000000000000000000000000000000000000000000000000000000530aac99f,,4274093,63221,71690,0xa9059cbb,"transfer(address _to, uint256 _value)"
16451554,1674260363,0xac8c2c3eee65c92314e76f4b40808036074c99efe43cd3090641ab602b2626d5,4168843,0x512115ffacd351028be8ff7fc0b3593ed0ded1fffe2cdb7eaeb6384553a39c61,37,0x56eddb7aa87536c09ccc2793473599fd21a8b17f,0xdac17f958d2ee523a2206206994597c13d831ec7,0,207128,24353828768,0,1,0xa9059cbb00000000000000000000000094142c72d729e4233fa14d55589e20f818e8a4d200000000000000000000000000000000000000000000000000000000358ccd20,,2108712,46109,71687,0xa9059cbb,"transfer(address _to, uint256 _value)"
16451555,1674260375,0x2a22f053663479b3cbbb62e0a43c1f1744571450e8feb27a17d4ebc663339fcc,4168844,0xd653e1290490cccfeace87e631ff586c8aac153e5b5bea53645c7f60f023d88e,49,0x56eddb7aa87536c09ccc2793473599fd21a8b17f,0x60b21bd63ef0af04a9c9198ad5274e751a33e49b,8858334340000000000,207128,23708697084,0,1,0x,,5142386,21000,71686,0x,
16451556,1674260387,0x61f8d7eba1841ad9759cb903982473d0c4170db33f8dda248e92ee6b351a3517,4168845,0x25798a671cfe83423a25e7aa6eb9086611c533690e652d43d5252cf780e04bfe,42,0x56eddb7aa87536c09ccc2793473599fd21a8b17f,0xa369849a2d0e69e6b4f5a52c0addb88d7f2fc6d4,243300000000000000,207128,23722676942,0,1,0x,,3801781,21000,71685,0x,
16451557,1674260411,0xc6275a0bd922e3a3ef484b0d789a75c0571065c98bc8311254190ada6e9be0dd,4168846,0xdc0edbc65dd7e7f51ea4e042361fa73747fbac6801e9a49fcf8b30298e247815,96,0x56eddb7aa87536c09ccc2793473599fd21a8b17f,0xd4c548c947b993dd61628e6dfe1fd5f948af8b55,1500000000000000000,207128,23013175032,0,1,0x,,8504568,21000,71684,0x,
16451558,1674260423,0x7f26bcf029408796e8cb96f3891d8264df3ddbb557845f277d71170e4a95eba3,4168847,0x95b244a4258fccf68c87955be63b1adffb703e6a8b06be87e3a90ae84e672610,30,0x56eddb7aa87536c09ccc2793473599fd21a8b17f,0xdac17f958d2ee523a2206206994597c13d831ec7,0,207128,25403689683,0,1,0xa9059cbb000000000000000000000000560ce9e2eb9eac47cfdc2c1f99e6d9d71af129160000000000000000000000000000000000000000000000000000000164610db8,,3353040,46121,71683,0xa9059cbb,"transfer(address _to, uint256 _value)"
16451560,1674260447,0x85414dc44531b070ba4f3da005533db3f4ae5b90783d92d8d0e5da0828502b76,4168848,0x0c98e74b5c78a35323d2265d885af1e31f60212c0ef1779f4709046be6f09884,49,0x56eddb7aa87536c09ccc2793473599fd21a8b17f,0x2907e7721f07084704959c1a11fae84be40da9ed,8791290000000000,207128,22962441654,0,1,0x,,4343688,21000,71681,0x,
16451561,1674260459,0x1df754497e528f0e48a37729fa01b96381ecc8168134e95f1a46723c94ed306e,4168849,0x09d72816d65fd606c81c30bcbf89f0c49883e99754f47a78196e582ca6fe60f2,66,0x56eddb7aa87536c09ccc2793473599fd21a8b17f,0xbead417d56880387ac82c5cc57199c859502e999,28951240000000000,207128,23301438050,0,1,0x,,5338687,21000,71680,0x,
16451561,1674260459,0x5db464f10017968d2cb9c1419a418eef345e5020c51123231ba983a63669cf91,4168850,0x09d72816d65fd606c81c30bcbf89f0c49883e99754f47a78196e582ca6fe60f2,71,0x56eddb7aa87536c09ccc2793473599fd21a8b17f,0xdac17f958d2ee523a2206206994597c13d831ec7,0,207128,23301438050,0,1,0xa9059cbb0000000000000000000000000f00ae50a960f5909a8f93f50250b5b7ec0b0341000000000000000000000000000000000000000000000000000000012a05f200,,5518156,46097,71680,0xa9059cbb,"transfer(address _to, uint256 _value)"
16451562,1674260471,0x860216d40d606d16d1ce96f82c3e0452b476dae2785ff7f10fd8aeeed7dbc82c,4168851,0xb5988f71c0532a9b80562fd8b9ad68fdb770c3b3651ae556c6b2ebc646287bac,88,0x56eddb7aa87536c09ccc2793473599fd21a8b17f,0xd339f3d764c591ad051e7563496693dff432b6b1,722690400000000000,207128,23051388457,0,1,0x,,6436725,21000,71679,0x,
16451566,1674260519,0x467d1e5f7466dedb7b2af1b464c8963227100696881ba5b483a842933d583572,4168852,0x5982e8d8f2cb54521a0795699e7cf7bb811c035ad79b847a885a78b08896533e,63,0x56eddb7aa87536c09ccc2793473599fd21a8b17f,0xdac17f958d2ee523a2206206994597c13d831ec7,0,207128,22845930914,0,1,0xa9059cbb0000000000000000000000007ef8e5bdd028d0a46e311c925703512803d5f6f800000000000000000000000000000000000000000000000000000000068d17f0,,4516526,63209,71675,0xa9059cbb,"transfer(address _to, uint256 _value)"
16451568,1674260543,0x294119e5e58348bf7ccc4568a84261b123f33c92b279940d5beaca3032158253,4168853,0x62dddc078766d408a102b6d3cf1befd1030b75d608ea45db5d6a1e03daa7a0ca,57,0x56eddb7aa87536c09ccc2793473599fd21a8b17f,0xead302529b78662c51ae5ec736fa7275a3ca0590,173075300000000000,207128,22778154460,0,1,0x,,5589809,21000,71673,0x,
16451568,1674260543,0xbc2f97c7f1276c34f0c9800eff0be9508124979c94c16131f17111584e3f8636,4168854,0x62dddc078766d408a102b6d3cf1befd1030b75d608ea45db5d6a1e03daa7a0ca,59,0x56eddb7aa87536c09ccc2793473599fd21a8b17f,0xdac17f958d2ee523a2206206994597c13d831ec7,0,207128,22778154460,0,1,0xa9059cbb0000000000000000000000008bde9079bfb0cb13aaba69df54e69f188040a4300000000000000000000000000000000000000000000000000000000003522f28,,5716227,63209,71673,0xa9059cbb,"transfer(address _to, uint256 _value)"
16451569,1674260555,0x7c9a3bff1046aaa17abb4794963e2695bc40717cf9c6f7da0ad4c23c4821f712,4168855,0x749306e35d85a9118a2235c5b61a0a7712423759ef31b4c486b096fc564f82ac,45,0x56eddb7aa87536c09ccc2793473599fd21a8b17f,0xdac17f958d2ee523a2206206994597c13d831ec7,0,207128,23881895565,0,1,0xa9059cbb000000000000000000000000b930528907247300a3d8081440ffd85049bb05d4000000000000000000000000000000000000000000000000000000000c0370f5,,3008870,63197,71672,0xa9059cbb,"transfer(address _to, uint256 _value)"
16451570,1674260567,0x0ca60d67a4b3ee454cc7162c19d1f8ff3fdbeb8011d45a74db39bf133753bdec,4168856,0x958560b91ddccad1efe6aef7b14678d970fd1f56aa90028ebc36ed71e8a46441,34,0x56eddb7aa87536c09ccc2793473599fd21a8b17f,0x167b7f8012ae3b975204a574eb266d34f3a1116a,13276400000000000000,207128,23209711086,0,1,0x,,2068948,21000,71671,0x,
16451571,1674260579,0xf338efe9208fc36cd8e514e19041762b46511bff95d9e3011c70ebf041e6aacb,4168857,0x2bb6c0beb8bbb18f0feb47cb5696fcec66251baac598a65eb0d8515fc23bd21f,36,0x56eddb7aa87536c09ccc2793473599fd21a8b17f,0x95c63a870bec41deeff32f007cd817fc989bb7cd,9800000000000000,207128,22433160111,0,1,0x,,2782957,21000,71670,0x,
16451574,1674260615,0x21c66a8c7a841a362c11edad9f694f3a1a9eafbe74b963461ee0aa70bc7a6896,4168858,0x15f998d6affeaf3c558df2653856b6f11aa46009caefcc45bbab9fa2158b1ffe,39,0x56eddb7aa87536c09ccc2793473599fd21a8b17f,0xdac17f958d2ee523a2206206994597c13d831ec7,0,207128,22409437155,0,1,0xa9059cbb0000000000000000000000008c9f6ab15fdd837e627695c65116bcbda73a0c1a0000000000000000000000000000000000000000000000000000000129cfc6d0,,3880928,63221,71667,0xa9059cbb,"transfer(address _to, uint256 _value)"
16451575,1674260627,0xdcb61476b5852e3406e9ca19a30360efa0e723ee3e4c6e38bbb779633fa399b9,4168859,0xc8500688f83120878df8b3d8295910a6fff94b334a9f91566d80e940385b7328,40,0x56eddb7aa87536c09ccc2793473599fd21a8b17f,0x0dec7e8614328852b3f31e8d466ac88767186a82,287000000000000000,207128,21919329694,0,1,0x,,3661638,21000,71666,0x,
16451576,1674260639,0x8a2a73aafee4c46e62177ae039a4e284e6e5e286e034ade146b94b5d31ce769e,4168860,0xbb7864b4ed86cbf018b4fd43124fb8f46f50fee038a05c0d5db6138e0ea56cec,51,0x56eddb7aa87536c09ccc2793473599fd21a8b17f,0x2933c28187d02ad6ba71d7726fbcc3a691c4e9dc,322240680000000000,207128,21853390737,0,1,0x,,3882839,21000,71665,0x,
16451577,1674260663,0x67b80bfa89d903938cfba34e1ae16552724da9e5cf8f83ca284ccf8d57e218e8,4168861,0xa4c12bf22c0de715a8de8e10deda1276cda5c292ddd02946f74a5861524d38df,94,0x56eddb7aa87536c09ccc2793473599fd21a8b17f,0xdac17f958d2ee523a2206206994597c13d831ec7,0,207128,21321720077,0,1,0xa9059cbb0000000000000000000000009f95f69deab84ddb70ae4e272a37dbd2e61caf5000000000000000000000000000000000000000000000000000000000b29a32d0,,7883542,63209,71664,0xa9059cbb,"transfer(address _to, uint256 _value)"
16451578,1674260675,0x6fcc97045bec2be255dfac5cb1a5222c3b7d51e8846635a5adca774a58d54732,4168862,0x1198fa08de4ca5e0df50558ab86c6d09e55ac4541b7c077b7075163697a05576,37,0x56eddb7aa87536c09ccc2793473599fd21a8b17f,0xfaf069926b3ec329bf5a1a956d990b22e5a77544,11783800000000000,207128,22866389353,0,1,0x,,2661146,21000,71663,0x,
16451579,1674260687,0x506ed7f235e32a03fc5ff1db3904aa9194b792668a10694152734d0126968734,4168863,0xc53f18ed4aa209ec4eeac736880019f27f8a931b60525a2d3cc3a7aee3d67a4f,51,0x56eddb7aa87536c09ccc2793473599fd21a8b17f,0xdf31a7199f5185ffd0d8a26e8097fa22254a255c,28907660000000000,207128,22567497627,0,1,0x,,7871271,21000,71662,0x,
16451579,1674260687,0xf10bdfd3d67741cc5b4385fff94dab78549d75e1ad2af31d5bba25b06e13da5f,4168864,0xc53f18ed4aa209ec4eeac736880019f27f8a931b60525a2d3cc3a7aee3d67a4f,56,0x56eddb7aa87536c09ccc2793473599fd21a8b17f,0xdac17f958d2ee523a2206206994597c13d831ec7,0,207128,22567497627,0,1,0xa9059cbb000000000000000000000000b3c7e0cec941e148d0c40ace9c4b8447f52cba500000000000000000000000000000000000000000000000000000000008f0d180,,8060689,63209,71662,0xa9059cbb,"transfer(address _to, uint256 _value)"
16451582,1674260723,0x9831cf90b0586a375c5058bac7c4495afdbac9ae03bf48d001f609d3f3d80f87,4168865,0x95820985ac2d51d5ffa5126d4eb3ed393f46b00a0998f7dc1ae75090d944cdf4,80,0x56eddb7aa87536c09ccc2793473599fd21a8b17f,0xdac17f958d2ee523a2206206994597c13d831ec7,0,207128,21664595265,0,1,0xa9059cbb0000000000000000000000009710692fce54a35909b436795aab7a05f48582ca0000000000000000000000000000000000000000000000000000000076ff68d0,,6658261,46109,71659,0xa9059cbb,"transfer(address _to, uint256 _value)"
16451583,1674260735,0xc9f4c6ff6a2b713b80f50c0bce5ff4108cbf1911fbade425ef9c80c53b4cb76d,4168866,0x0b1d8aba2514f4ba680cc089d56495dad2ffe2b3adadbe78451fefacc97c16a5,54,0x56eddb7aa87536c09ccc2793473599fd21a8b17f,0xc9658bf0556c58f9b99350c5fd855da793d0524a,8871600000000000,207128,22684523423,0,1,0x,,3858357,21000,71658,0x,
16451584,1674260747,0x7d3b24a6d8957b07eeae5857f3db5a14ae5c2e61bb046f88635c4535201ba3ad,4168867,0x8e4dc1492620b06cdd3b04799dde94c5bcd6c19639f9e24dc31ad3d35d21ba62,46,0x56eddb7aa87536c09ccc2793473599fd21a8b17f,0x875c26843e4e19f5f81d81109213ce25e5dadc78,11000000000000000,207128,22271244232,0,1,0x,,5387294,21000,71657,0x,
16451585,1674260759,0x75b72aeeb728c0f22cbdcce19fff1d7a42e217475b54f5c21f37638ba3c7ac88,4168868,0x5e0a11f8d71a0ed2de6f7a955cd93938ddedb657b26bcb4d8be7e9c308ad3963,38,0x56eddb7aa87536c09ccc2793473599fd21a8b17f,0x094e52595ac54b569067b7adb3cf32b225b132a2,298800000000000000,207128,21707678135,0,1,0x,,3179342,21000,71656,0x,
16451585,1674260759,0x33cd7e154988533b8afe15523a3c88c952f37ae320ec2212a32099c2227497dd,4168869,0x5e0a11f8d71a0ed2de6f7a955cd93938ddedb657b26bcb4d8be7e9c308ad3963,41,0x56eddb7aa87536c09ccc2793473599fd21a8b17f,0xdac17f958d2ee523a2206206994597c13d831ec7,0,207128,21707678135,0,1,0xa9059cbb00000000000000000000000076f81e3aa16771d558c71e9890cb6e075b4dd8e000000000000000000000000000000000000000000000000000000004e37c66d0,,3345797,63221,71656,0xa9059cbb,"transfer(address _to, uint256 _value)"
16451587,1674260783,0x7fab980a9c11405b6c328525506c8a7b93d6023ce6cc58db4626844c519f866e,4168870,0x2049b1dbcb0f719ac5b8b27dd8313499d17424e3b29306e07536f83eb05335e8,32,0x56eddb7aa87536c09ccc2793473599fd21a8b17f,0xdac17f958d2ee523a2206206994597c13d831ec7,0,207128,20844186216,0,1,0xa9059cbb0000000000000000000000000e7b84e9acdbae21ae46b0e611cf4a8ccb32bb3b000000000000000000000000000000000000000000000000000000004fe5a4d0,,3323368,63209,71654,0xa9059cbb,"transfer(address _to, uint256 _value)"
16451588,1674260795,0x5f20b442da869900989f97a72890eb66aa0d1a3769b051cdcf15c73e3162674a,4168871,0x938a6dd46768a94d2d213e7d66642f9fb926abccbac1048e6737a07d0818d7e3,56,0x56eddb7aa87536c09ccc2793473599fd21a8b17f,0x9e8ff0723232604de00637b3e50f7cb066cb2525,70750420000000000,207128,20918195029,0,1,0x,,4288350,21000,71653,0x,
16451590,1674260819,0x35293a0147d83327005a0eaf6c5181dccffb30283763ef46a4cbc97862735196,4168872,0x72f4edd95bd058446a6bdc525de673af8d837b54e16d2c879abfa064cc886257,47,0x56eddb7aa87536c09ccc2793473599fd21a8b17f,0xdac17f958d2ee523a2206206994597c13d831ec7,0,207128,20117051518,0,1,0xa9059cbb000000000000000000000000c96e183d5c3782974ea015d55856eff4a828a3f000000000000000000000000000000000000000000000000000000000060c0110,,3830926,63209,71651,0xa9059cbb,"transfer(address _to, uint256 _value)"
16451596,1674260891,0xedd4fcc1825ff0564c53bd0eb3c4d6708b9db7e90c7a4048f9c0346e2bf1dac5,4168873,0xe7227a171c54b5f0e0a311d5a21a399684761f28e99f9b5f36dfa7b68524c283,46,0x56eddb7aa87536c09ccc2793473599fd21a8b17f,0xd5ecc97b88d29fa258d4589fcc0723e2a94b019b,1578800000000000000,207128,18327430847,0,1,0x,,3362998,21000,71645,0x,
16451596,1674260891,0x9247f1133fe0a7132290e24194916d6da2d0091920c5112f04925ce60226890e,4168874,0xe7227a171c54b5f0e0a311d5a21a399684761f28e99f9b5f36dfa7b68524c283,47,0x56eddb7aa87536c09ccc2793473599fd21a8b17f,0xdac17f958d2ee523a2206206994597c13d831ec7,0,207128,18327430847,0,1,0xa9059cbb0000000000000000000000000c570756853ea2fd0edb2252995503d89f3d697e0000000000000000000000000000000000000000000000000000000002c4c550,,3426207,63209,71645,0xa9059cbb,"transfer(address _to, uint256 _value)"
16451597,1674260903,0x6c1f39fbf9ddec3a58130da84c1cc39c3fc27d0345099cc85ba2452c6496f38d,4168875,0xa9f4569fba73d63cd4e3aaba1b2ab0738c92b707eeffc9c415c0d106913b32fb,79,0x56eddb7aa87536c09ccc2793473599fd21a8b17f,0xdac17f958d2ee523a2206206994597c13d831ec7,0,207128,19768324714,0,1,0xa9059cbb0000000000000000000000009b88e1251c9b0d2b4c84c11912d02f4e55390fdc000000000000000000000000000000000000000000000000000000000e2b1b93,,6421715,63209,71644,0xa9059cbb,"transfer(address _to, uint256 _value)"
16451599,1674260927,0xd8ea2c5ae1f4e786a46ed57fbb5941dff3ec80af2427f1e7d06ba2824df1ce18,4168876,0xd5d8498df06b191a8fdbe20d22be402ef0109aa7c7c6f9b993259921f7ae7308,32,0x56eddb7aa87536c09ccc2793473599fd21a8b17f,0xf5e1d8e4adb488f198156885b9b32a88df484ebb,15051730000000000,207128,19980430780,0,1,0x,,3440029,21000,71642,0x,
16451600,1674260939,0x0e23f92c8ba3f12fb65578cc1d2a776c932084c862ab7c44310d39c07349bf10,4168877,0xbae4cc0c35d3a869949454f7dce7bc8ceed5c9c8263b2b8a211ea44b70bc5ef7,46,0x56eddb7aa87536c09ccc2793473599fd21a8b17f,0x1b417dff6746e0ce2009e58f1c37a576afd88281,73487360000000000,207128,19900410222,0,1,0x,,3949457,21000,71641,0x,
16451601,1674260951,0x39811738b2d4a9c76e9437f8ca363ef8b55590699b09ae02190965c5b25af479,4168878,0xb0be597700c618370110f0aa3e5dc42eddf74a7ff4ee535d6102141dc1304745,76,0x56eddb7aa87536c09ccc2793473599fd21a8b17f,0x65aaba341bd8cfe35679d2399ca05dd277c08a01,82332650000000000,207128,19535665497,0,1,0x,,6205945,21000,71640,0x,
16451603,1674260975,0x5de0e107a7818eff5c93e4be2c125ef208ff7b6514bd38c9c3f910ff732d4872,4168879,0x40d7e1b0d47eafbebe738928c5d1881053fd035ea601f70e0294c24a81d988ca,37,0x56eddb7aa87536c09ccc2793473599fd21a8b17f,0x517bb391cb3a6d879762eb655e48a478498c3698,535998800000000000000,207128,19144227543,0,1,0x,,2006339,21000,71638,0x,
16451604,1674260987,0xb3f1a67810c1e1f6574c3aaffe28aebb5a910e3105bb18f80efc2080d13d73eb,4168880,0xe1a013a71d642ae9a342af614cce7ff2d75a4117d31868c65ed13ecd30d92871,48,0x56eddb7aa87536c09ccc2793473599fd21a8b17f,0xdac17f958d2ee523a2206206994597c13d831ec7,0,207128,18002838165,0,1,0xa9059cbb000000000000000000000000fdd5931c5279f4a733f1feb7e34fdabde87c032f000000000000000000000000000000000000000000000000000000003594c6dd,,4730946,63209,71637,0xa9059cbb,"transfer(address _to, uint256 _value)"
16451605,1674260999,0x7d21a42514d6a7e3f1e41fd7934138adf0b870ece8c9fe7a13a4a3f06d4433b5,4168881,0x8046c9de440411db4df6b4baaef37a9eebee95813e66b94c9156eedba92bd4f0,56,0x56eddb7aa87536c09ccc2793473599fd21a8b17f,0x933a177e79257075f01367e6da723af9b44df40f,57084780000000000,207128,19786956185,0,1,0x,,4826249,21000,71636,0x,
16451609,1674261047,0xbeea48439f2cc6e898cbdf1b6b80297e94b41beae4daec12469e5259772f93a6,4168882,0x703bcc2e1b2daaa381bdc85a341b88817a267e8534959606b9b1ca8426e66342,27,0x56eddb7aa87536c09ccc2793473599fd21a8b17f,0xa2afbedf7e5c8bf94ee7a4f7912359104c186881,86300000000000000,207128,24387780793,0,1,0x,,4649397,45275,71632,0x,
16451609,1674261047,0x9677fd59d89ec9cc6125da0104f9d72c1236d9de398d4effafa5d7985b0c5fa9,4168883,0x703bcc2e1b2daaa381bdc85a341b88817a267e8534959606b9b1ca8426e66342,45,0x56eddb7aa87536c09ccc2793473599fd21a8b17f,0xdac17f958d2ee523a2206206994597c13d831ec7,0,207128,24387780793,0,1,0xa9059cbb00000000000000000000000068349c71f953d9cae5a3fbe1311eae32a8e9fbf50000000000000000000000000000000000000000000000000000000005bfb5d0,,5364071,63209,71632,0xa9059cbb,"transfer(address _to, uint256 _value)"
16451609,1674261047,0x5fbde407afccc7f47cb7641f86ba319d28728027381cfabd1acdfcaa767367ba,4168884,0x703bcc2e1b2daaa381bdc85a341b88817a267e8534959606b9b1ca8426e66342,49,0x56eddb7aa87536c09ccc2793473599fd21a8b17f,0x6d307c3dfd7a544d5609e13d42fa1b129220fe35,8600000000000000,207128,24387780793,0,1,0x,,5478700,21000,71632,0x,
16451610,1674261059,0xec5460270996b9111ba123822ff9a625ca66e99a362badb9574b121f1120dcb2,4168885,0x3b3deeb593ee8049d75e05128fd8e27c4fc0a5597440a3c9325967a58e0a6ff6,36,0x56eddb7aa87536c09ccc2793473599fd21a8b17f,0x24d3f37f6654b9fd3cd7e9dc8a843579df96638d,148800000000000000,207128,24066978260,0,1,0x,,2534042,21000,71631,0x,
16451611,1674261071,0xdb907adbf5da764d1be3e3e5940aaa734d020b646c9cce144fd94f7b39b346f0,4168886,0x3dbfc76ef36e7257f0b165f1a030987b03c64035b7efcb5cbdd37fcc5a132ac6,110,0x56eddb7aa87536c09ccc2793473599fd21a8b17f,0xa338385055b9acd6e76c8b195b067df08bf656c0,498800000000000000,207128,23315855467,0,1,0x,,8150398,21000,71630,0x,
16451614,1674261107,0x5ced64b8cd35cb1b94fa19940a53cb63c4ba1cbee48d1facd43ca548ab041491,4168887,0x6ec6e836b41124e470927f0ed3f5988376f4f65696e4d0411203290905376970,68,0x56eddb7aa87536c09ccc2793473599fd21a8b17f,0xdac17f958d2ee523a2206206994597c13d831ec7,0,207128,23608062492,0,1,0xa9059cbb000000000000000000000000290cf79b960c297a34358d0832e3d53faf6b88010000000000000000000000000000000000000000000000000000000126a70f90,,5488113,63221,71627,0xa9059cbb,"transfer(address _to, uint256 _value)"
16451615,1674261131,0x549892f5fff6c7134c4dd6e6a481f201e12748ed67547680ad6cfc905b07abf1,4168888,0xea7cb82a1862a7e8a45993aed470f6f75a8296b990773d589b0161901340a08e,184,0x56eddb7aa87536c09ccc2793473599fd21a8b17f,0xd3253bdcbfd50cd89fd0c86109c680f1b19641e2,93859360000000000,207128,23739492811,0,1,0x,,9441523,21000,71626,0x,
16451617,1674261155,0xb3fb626c6093f5a2a1f631cbb4ce4e03842508dc18cf8ab3ac248f32ec2dce2a,4168889,0x13f569b5e6fb1069c3d269a4cdfdcba5beae0f587a59271b9d787548df2f010d,35,0x56eddb7aa87536c09ccc2793473599fd21a8b17f,0xa8b63b246e0b9cc0bc55f3bc328cb1c6f93ab65d,2498800000000000000,207128,24549115020,0,1,0x,,3364118,21000,71624,0x,
16451621,1674261203,0xe619d2b4c2975965f48606866779be3fe5d9d2d90e9311f7085993fe7786addc,4168890,0x84bf77b0407c80c6bd177a6a7c258daf46b03e79818dd05ebd3789a1a9c220eb,76,0x56eddb7aa87536c09ccc2793473599fd21a8b17f,0xdac17f958d2ee523a2206206994597c13d831ec7,0,207128,23571502664,0,1,0xa9059cbb0000000000000000000000009ab5ca5c750f98cf2a97638ac16b1fcfe4cee79d00000000000000000000000000000000000000000000000000000000b002d7a8,,6610322,46109,71620,0xa9059cbb,"transfer(address _to, uint256 _value)"
16451625,1674261251,0x18e740ef01c654d4bf7f4ab1e5f0abb2f733a16bb978ab6d2a7469243916ecc5,4168891,0xf8414f5dd3020bd27f89abcb5462b3bec71cc738137d89187e4c974aba207e08,95,0x56eddb7aa87536c09ccc2793473599fd21a8b17f,0xb15266993d1d9485657a1c777fb978b4af4199eb,3003594220000000000,207128,23157080841,0,1,0x,,6468680,21000,71616,0x,
16451627,1674261275,0x93494721f972842e168674e247339b04e623beb0b5132826d37e325283eaae3c,4168892,0x51223f52af146c7484bb0548624bc6f97c3cf79afee0e1c081200527fd32d59d,77,0x56eddb7aa87536c09ccc2793473599fd21a8b17f,0xe80ba164902a2e272eeac731ceebfee4d61e1004,28781750000000000,207128,22808617583,0,1,0x,,5184922,21000,71614,0x,
16451629,1674261299,0x256211352e7635cf91ea4d9a04a012bf4f15f8456dfd6509e53c75f30ec91402,4168893,0x19ce9f63ee985754395ccc36e2956f8898ff6ea1845082eb3ca1a745e18053e6,66,0x56eddb7aa87536c09ccc2793473599fd21a8b17f,0x3591019b6fe2b583f884ec638fa7e72ddd3ef1d4,43800000000000000,207128,22617062651,0,1,0x,,3428760,21000,71612,0x,
16451629,1674261299,0x96f94f7214342f692e10d8f2d2f984f8e896325eb62c2b0200231452565a044b,4168894,0x19ce9f63ee985754395ccc36e2956f8898ff6ea1845082eb3ca1a745e18053e6,69,0x56eddb7aa87536c09ccc2793473599fd21a8b17f,0xdac17f958d2ee523a2206206994597c13d831ec7,0,207128,22617062651,0,1,0xa9059cbb00000000000000000000000075ff0b2af9a56211853390be002eb2f2dd3fa995000000000000000000000000000000000000000000000000000000002f2586c9,,3589918,63197,71612,0xa9059cbb,"transfer(address _to, uint256 _value)"
16451635,1674261371,0xc1bcb50034bc3b6b646589c83e49b3ae86d56e8e0449f2604df87561c1e85ae5,4168895,0x812063362d2a2a2e57038e27f5a0e937ec3d22856a7944bcd2e3eeec658bbcfb,94,0x56eddb7aa87536c09ccc2793473599fd21a8b17f,0x8c633bdd46d2ee965f4760820cc8cf1f1c87d148,198327370000000000,207128,19019148765,0,1,0x,,8091523,21000,71606,0x,
16451635,1674261371,0x3a2433fe6d60609298b8ef112c669edf22d5034f9b94afa8ae9b1b8bbe344c53,4168896,0x812063362d2a2a2e57038e27f5a0e937ec3d22856a7944bcd2e3eeec658bbcfb,97,0x56eddb7aa87536c09ccc2793473599fd21a8b17f,0xdac17f958d2ee523a2206206994597c13d831ec7,0,207128,19019148765,0,1,0xa9059cbb0000000000000000000000005c44a4be60347260a526a8c4a1bfb86f91ffa386000000000000000000000000000000000000000000000000000000017848deef,,8262654,63221,71606,0xa9059cbb,"transfer(address _to, uint256 _value)"
16451637,1674261395,0x7dd299c1b0b72e2a8e49395fe90aa0e43a5fdcffd9ced90e95b0fb8e6cd6aed5,4168897,0xf0f5a9c347801d67e752a8cda47f08f8320f3c7c66a03c4a0e1faa4b89b41a98,39,0x56eddb7aa87536c09ccc2793473599fd21a8b17f,0xdac17f958d2ee523a2206206994597c13d831ec7,0,207128,20882334407,0,1,0xa9059cbb00000000000000000000000040ae8b7a6507fad72cfed33c27f9c08502db89870000000000000000000000000000000000000000000000000000000002c4c550,,3365823,63209,71604,0xa9059cbb,"transfer(address _to, uint256 _value)"
16451639,1674261419,0x1b475505eda24061010259e547d43cf3f2016d28cf6d332b58a972ea7ba38b97,4168898,0x14e8788d05e9df095fe70ca6f96597fa3a14b5ce78f6e5015ba6cd9cb169273f,58,0x56eddb7aa87536c09ccc2793473599fd21a8b17f,0x60d5afd92474ac3a820b37ee62dfcaa090a60e43,17941800000000000,207128,20334431954,0,1,0x,,5750717,21000,71602,0x,
16451642,1674261455,0x8cbc8a7bafb97a799f3575dfa66043c621b2548c5a2df0e590cc3d9e11ccb518,4168899,0xab8f7871c420a91ddde01ee7a576117e24af715f951fccb672ac9d6fed5d491d,34,0x56eddb7aa87536c09ccc2793473599fd21a8b17f,0x8912c61e304a05b8796eb23232027c173e5108fb,28800000000000000,207128,20486306783,0,1,0x,,2572963,21000,71599,0x,
16451642,1674261455,0x2c979cc5f545d4a6f04985462fd4d9ff349265f5f97ac6cc4c6a5f934e82da7e,4168900,0xab8f7871c420a91ddde01ee7a576117e24af715f951fccb672ac9d6fed5d491d,70,0x56eddb7aa87536c09ccc2793473599fd21a8b17f,0xdac17f958d2ee523a2206206994597c13d831ec7,0,207128,20486306783,0,1,0xa9059cbb0000000000000000000000000e8e2df5638c7ec969d0719b6f0c15daac63a1a100000000000000000000000000000000000000000000000000000000475060d0,,3673823,63209,71599,0xa9059cbb,"transfer(address _to, uint256 _value)"
16451643,1674261467,0x0d1ca10059c15a138b220c26f130199cf30ac66c162a1634c72ab14872b4857c,4168901,0x346b2e10b9b7a03517b71f739378f9cc9efd4287a3662a9c1c10e0e48285f382,87,0x56eddb7aa87536c09ccc2793473599fd21a8b17f,0x8b21fb6a429d97a6a5a6ae0c91cb867152cc3d5b,157046110000000000,207128,21292261386,0,1,0x,,6750926,21000,71598,0x,
16451645,1674261491,0x11a529715d22031da84c0774a4911b4eec3718122c1a64126dacb08a10599ef1,4168902,0x17ff70d8c944987f339f2faa756cf0d9b9b3d2725a87b160950de67684944d4f,90,0x56eddb7aa87536c09ccc2793473599fd21a8b17f,0xec70c43a71f65dc4dda09d914295e4094e79f51a,56157050000000000,207128,21810393978,0,1,0x,,6827136,21000,71596,0x,
16451645,1674261491,0xcedb09d19456610eeca2f77dd3231519b8b0544bdd83774a855bda197e157555,4168903,0x17ff70d8c944987f339f2faa756cf0d9b9b3d2725a87b160950de67684944d4f,92,0x56eddb7aa87536c09ccc2793473599fd21a8b17f,0xdac17f958d2ee523a2206206994597c13d831ec7,0,207128,21810393978,0,1,0xa9059cbb00000000000000000000000012d147633dd679461d15264282cc8d094eb35419000000000000000000000000000000000000000000000000000000000301ce50,,7237920,63209,71596,0xa9059cbb,"transfer(address _to, uint256 _value)"
16451647,1674261515,0x34ffc6058e39ca1c8da7dc54840d6099954b6f93b6d3edfe5abbaebad4d29737,4168904,0xf71ebd8d4bc60c285beea4ca48dcfe958b940d4480c691e787f924b67a99e1db,34,0x56eddb7aa87536c09ccc2793473599fd21a8b17f,0xe291cc3e5b9e0c9b37c9fbdd549abf3b5c0ad342,4998800000000000000,207128,20812748665,0,1,0x,,26719083,21000,71594,0x,
16451648,1674261527,0x42d4283403969345773290cf904e4900ccac9cd5a14a2a6b6934a9cb0963bf79,4168905,0x67462c5aeadca0ccd447b3d06a9612b38f1ac20b135ed4a64ea508693c94a310,51,0x56eddb7aa87536c09ccc2793473599fd21a8b17f,0x9c187668d2ea2c459eeca867414a698af6861229,98700000000000000,207128,23162115132,0,1,0x,,5040753,21000,71593,0x,
16451649,1674261539,0x17c0a5cd558680426e11190f79d2ba4a6dd3177ea395a2638b9d76372409a44f,4168906,0x3faa2c5934ddcafbf8eae31ffb850f009210fe9bfdd257af7b556ce2db495868,43,0x56eddb7aa87536c09ccc2793473599fd21a8b17f,0xdac17f958d2ee523a2206206994597c13d831ec7,0,207128,22841416151,0,1,0xa9059cbb000000000000000000000000ef78d72536a073f8e27e0b9ff6c7451303a2af310000000000000000000000000000000000000000000000000000000009be0c90,,2730722,63209,71592,0xa9059cbb,"transfer(address _to, uint256 _value)"
16451653,1674261587,0xf95699bb0c0abe139749a45310697a0ce3cdf64ab04d62cf16f2a574824f26b4,4168907,0x78d99756fc381f342a876c0924b99263b69aa8969cd472634a9645fc6885a276,46,0x56eddb7aa87536c09ccc2793473599fd21a8b17f,0xcff37c2ca3732a20c32700309cddc11280fe1f1b,188800000000000000,207128,20697178544,0,1,0x,,3382861,21000,71588,0x,
16451656,1674261623,0x8e689472b0008c30f889a8d20d0e50b0a3b5e8ac170f11ea24b9a981129e29f0,4168908,0x5194d62b9e34fdc1815e29a7ac36f016bb65fb1b93cd0355554e78f8b0e352bf,36,0x56eddb7aa87536c09ccc2793473599fd21a8b17f,0x472107654234805282ea8aa0d9cbca0355eab261,272896190000000000,207128,19852118622,0,1,0x,,2427463,21000,71585,0x,
16451658,1674261647,0xe45ba7da1595f803dce3943ceb381371ef67d941f3008f222792813363ed1c72,4168909,0xdff918800ca6013c6068ef8fb3a50d2be18820136351fe83ce499b250efef3db,42,0x56eddb7aa87536c09ccc2793473599fd21a8b17f,0x751b6e2f3c84bb60dbb4d023e040a398904b6fe8,56672960000000000,207128,21099426680,0,1,0x,,4006682,21000,71583,0x,
16451658,1674261647,0x6bc024bbf15818dcc80c0eeea5785432838eba8df97db5c36ba02124ff6fd07c,4168910,0xdff918800ca6013c6068ef8fb3a50d2be18820136351fe83ce499b250efef3db,46,0x56eddb7aa87536c09ccc2793473599fd21a8b17f,0xdac17f958d2ee523a2206206994597c13d831ec7,0,207128,21099426680,0,1,0xa9059cbb000000000000000000000000f86a0bb5d1dcfb2950fe1f12b8ba8caf252d88140000000000000000000000000000000000000000000000000000000253d5b8d0,,4183133,46121,71583,0xa9059cbb,"transfer(address _to, uint256 _value)"
16451663,1674261707,0xc21c570799b4c1c20bbe106615dab126e296401f0b391cce273c0196c1dcf0a6,4168911,0xdbb8c23193456e41323a675350217d5a5b79df92cd972b01870df5236b755a8e,28,0x56eddb7aa87536c09ccc2793473599fd21a8b17f,0x36e6cd1f37013f9409fd476bbb25da7d28ab2377,16835200000000000,207128,19134405571,0,1,0x,,1938304,21000,71578,0x,
16451666,1674261743,0xf6a53fdce54c010bb3041a52ba1dbd52d5cfe49c3527216aa6a6069f81a84f7d,4168912,0x04bc4880b922740b525219c4c37cc14b0fc3889ae67d334cb16aba68ae5a6a87,41,0x56eddb7aa87536c09ccc2793473599fd21a8b17f,0xc39c4c4ffa082ad7c5851927bfaa68dcf3978d57,164875510000000000,207128,18564314450,0,1,0x,,3586857,21000,71575,0x,
16451667,1674261755,0x911bf1d8c9cf63a50384eb1aa03da62464c4eaf9f1ceaa838f5dd3d0ec9f6b12,4168913,0xab31401c15ed9e557c0f38d201151f992bb3863afd100c9b1a1e4b3db3bb72ea,55,0x56eddb7aa87536c09ccc2793473599fd21a8b17f,0x6ef43338a0a56d2415fad15c22daa7b3b5010f85,72030780000000000,207128,18364458543,0,1,0x,,5801014,21000,71574,0x,
16451671,1674261803,0x6375fa5fd749cdc784e54575bad3cdaa500ffcdc9f92fac6471d0adc03fb5693,4168914,0xee04452dfcb712e198d7e855c51f169512f220f5a5ca571792ba510266026ab9,31,0x56eddb7aa87536c09ccc2793473599fd21a8b17f,0xf7e6d5425e6a63e3a79e1104df412fa78003e558,273534910000000000,207128,18801541773,0,1,0x,,2584868,21000,71570,0x,
16451672,1674261815,0xb1e966ec8ac2293b31527decc19ff0814ba3e42f62bff5ee736d1941ff6e9dbe,4168915,0xebd04c83fef0f3040a6c6e138db555101b3a487946e963894be796d59fd8fb89,10,0x56eddb7aa87536c09ccc2793473599fd21a8b17f,0x1a26e0214d4007d960eddb82a197550a2d51f380,66019540000000000,207128,20797107373,0,1,0x,,754680,21000,71569,0x,
16451673,1674261827,0x9c22cc043cb869e6d40884929aff03123253df6a4d3c7243d540c4f40ced4547,4168916,0x36fc6b64f7cda41d32bbdbeb21f7b1f7cfc9f2e0bc3eecb475bfcf54914ad8b4,82,0x56eddb7aa87536c09ccc2793473599fd21a8b17f,0xdac17f958d2ee523a2206206994597c13d831ec7,0,207128,18852046769,0,1,0xa9059cbb000000000000000000000000d0c1d871a3be869ae7fa2447ae43cbafefaf1cc000000000000000000000000000000000000000000000000000000000489ae9fd,,6541090,63209,71568,0xa9059cbb,"transfer(address _to, uint256 _value)"
16451673,1674261827,0x308d9df24ba2a0769b5314f4348e9eec374c4389b795043b4363376462f5ece1,4168917,0x36fc6b64f7cda41d32bbdbeb21f7b1f7cfc9f2e0bc3eecb475bfcf54914ad8b4,85,0x56eddb7aa87536c09ccc2793473599fd21a8b17f,0xc1572f7f903e43faf7ee891f9de95bd85d48e581,51300000000000000,207128,18852046769,0,1,0x,,6631615,21000,71568,0x,
16451674,1674261839,0xa86c58402fc1cfe8c0eea3a632dd8b3a3ea446624c1c670c57f4e55b4fe506c2,4168918,0xf46a6e318f7f69f4bb29c5898c7937a0b2d8fdb73be3518ac402852288614178,43,0x56eddb7aa87536c09ccc2793473599fd21a8b17f,0x22b60b36e151a5f4b29925ff44146993c42d9b6d,492314490000000000,207128,19617482180,0,1,0x,,3839369,21000,71567,0x,
16451677,1674261875,0xe300fc50a2eeb0b47bfbe9c1ce5b72eda16522ce6a87db034bf8b50b08e8f23b,4168919,0x44f937a3a8a148e54fb9f5af47d7279fcb8206e857136fe3deae4139282540e4,40,0x56eddb7aa87536c09ccc2793473599fd21a8b17f,0xdac17f958d2ee523a2206206994597c13d831ec7,0,207128,19060601293,0,1,0xa9059cbb0000000000000000000000008c5a1b757585329cefb06e02de7934d52b06f5b10000000000000000000000000000000000000000000000000000000b5350e250,,3564313,46121,71564,0xa9059cbb,"transfer(address _to, uint256 _value)"
16451679,1674261899,0xdab250c3f8e7da21c08887fa03571d17892758e97babc305b91b09b904e78ab9,4168920,0x2050b8f98fd79b5490be6909312dab2cc6dc41cdcdaa5dd88fd52f06dd6fd23d,60,0x56eddb7aa87536c09ccc2793473599fd21a8b17f,0xa36b1e01465b400cddfb6910d07d1ad8672a5355,30800000000000000,207128,17725006637,0,1,0x,,8649550,21000,71562,0x,
16451679,1674261899,0xb5b9c7b0ac33efe4eeff7d409f0d701e649d29422ebb6d084d4555de51113cf1,4168921,0x2050b8f98fd79b5490be6909312dab2cc6dc41cdcdaa5dd88fd52f06dd6fd23d,77,0x56eddb7aa87536c09ccc2793473599fd21a8b17f,0x122e0d23725cadfd3d45c676050c963cbb4c6e19,1194549450000000000,207128,17725006637,0,1,0x,,9946950,21000,71562,0x,
16451682,1674261935,0x2b5b3dd51bdb55817580fe4644fb2f6ba8de6e4852eaf8bac16baf67c473d5de,4168922,0xbe93904c8d61ea7f8936dc26d7ea4450c55f76e13051bbef12a9f0f172ad75d3,47,0x56eddb7aa87536c09ccc2793473599fd21a8b17f,0xc49453dc88c79607965e4b0464434b2962108673,98800000000000000,207128,19199378620,0,1,0x,,3730242,21000,71559,0x,
16451683,1674261947,0x390188a759b02d1f7bec1fa99a21f63008155bec631a2f21e54a94f5b121e6a3,4168923,0xed4c5decacae3f51131ae3b46dd4650cddadcd82adb6824839ad4d226ab1fb57,49,0x56eddb7aa87536c09ccc2793473599fd21a8b17f,0x1d65becf6d862f80373b5eaf405fab796e5b0071,26500000000000000,207128,18616165608,0,1,0x,,2809825,21000,71558,0x,
16451683,1674261947,0xf66f06c84cf15c5f09328bd0a71b909e4681cede64bc6e900beac9329f401e0a,4168924,0xed4c5decacae3f51131ae3b46dd4650cddadcd82adb6824839ad4d226ab1fb57,57,0x56eddb7aa87536c09ccc2793473599fd21a8b17f,0xdac17f958d2ee523a2206206994597c13d831ec7,0,207128,18616165608,0,1,0xa9059cbb0000000000000000000000008676c220267c943dd1194a3a97a29829267dd32f000000000000000000000000000000000000000000000000000000000c607ffc,,3098872,46109,71558,0xa9059cbb,"transfer(address _to, uint256 _value)"
16451684,1674261959,0xf6c5e661c97a927471d547f296c08d7e399307c29d6aec2801e42d86df575475,4168925,0x58baba1cb4c41f666360972df9eea13f64a6837d5b6d93c78bd207ff79057856,34,0x56eddb7aa87536c09ccc2793473599fd21a8b17f,0x56cb6c9f2ea08262a07e7a48ebae2f593dcac192,12688970000000000,207128,19093824843,0,1,0x,,3929041,21000,71557,0x,
16451687,1674261995,0xfbf81ea6f018715bc95a681f532c7b285134331367a150021ace4f3e29f0fd80,4168926,0xdceee2a178636c40d1d39d131c5524de739cc19cdb9eed81ba43e1045e0325ec,51,0x56eddb7aa87536c09ccc2793473599fd21a8b17f,0x07f6c3ab4db889dcd5c268ee5ab00717caf95a61,123205220000000000,207128,18306779200,0,1,0x,,3827573,21000,71554,0x,
16451688,1674262007,0x94e5d115074c53528846489a93c3199c39dbac1d545f6e6c91d5456d6f4bcec8,4168927,0xb586d3f8a1266a9900e1a3eed41b6d976c81741c3aca6f954ef723350457cf7b,52,0x56eddb7aa87536c09ccc2793473599fd21a8b17f,0xdac17f958d2ee523a2206206994597c13d831ec7,0,207128,18498436173,0,1,0xa9059cbb000000000000000000000000f86a0bb5d1dcfb2950fe1f12b8ba8caf252d88140000000000000000000000000000000000000000000000000000009756ceb8d0,,4994648,46121,71553,0xa9059cbb,"transfer(address _to, uint256 _value)"
16451691,1674262043,0xe3e082a3bfac2f2656f83158c3a1eb293e1bf1ff8c73a9b1c196342ba25f2a19,4168928,0xd4edb97fd435b2418734f4ecb4846d7cc8848a5a237a8a369fd42612c8f96e06,50,0x56eddb7aa87536c09ccc2793473599fd21a8b17f,0xabf98d71ee471b018009c2f99ea308bc4689a22b,57741000000000000,207128,18525959233,0,1,0x,,3390495,27329,71550,0x,
16451692,1674262055,0x4b0df1da6fec8361eb3b5139ae38ca821abc21bb2c3064e8f3dff059d5e77682,4168929,0x2fbe0b6cebacb73c3d1d3615ae9863704ded303c0b3d8498caff7b9d7e3204d2,58,0x56eddb7aa87536c09ccc2793473599fd21a8b17f,0x2cef4fb6955c54393f23741b5bd1fe19119541e2,1798598400000000000,207128,18550739358,0,1,0x,,3607564,21000,71549,0x,
16451692,1674262055,0xd61b45b4881535faa29053ca0b6c5b3259d77d179550779e3ae5e19c09e6ee30,4168930,0x2fbe0b6cebacb73c3d1d3615ae9863704ded303c0b3d8498caff7b9d7e3204d2,60,0x56eddb7aa87536c09ccc2793473599fd21a8b17f,0xdac17f958d2ee523a2206206994597c13d831ec7,0,207128,18550739358,0,1,0xa9059cbb00000000000000000000000013da0cdc86ea277bc9f9ade904203bd468c3241a00000000000000000000000000000000000000000000000000000011c715f09d,,3716894,46121,71549,0xa9059cbb,"transfer(address _to, uint256 _value)"
16451694,1674262079,0x48eb5a21b632a2f52e1a46f1c26dff48098ad24a198b5e3f62199eb097125a62,4168931,0x46c127a317674840037375e26f6ef35259955cbed046d8d41c5911f07177bcf9,41,0x56eddb7aa87536c09ccc2793473599fd21a8b17f,0x6abe00389f23242a58821fce88104842e1ad1195,421295040000000000,207128,17684795032,0,1,0x,,2328401,21000,71547,0x,
16451698,1674262127,0x7b57899ea408f31b04f5cb6c04adf8f3919ecf9de54abca583aca44d17401275,4168932,0x2a5abf894dcd378bce748c5b050992f0b433bfc593c498f4a0527f4b59d2d66b,46,0x56eddb7aa87536c09ccc2793473599fd21a8b17f,0x45732a21a899ebf10813b285484b796c6e702cfc,298800000000000000,207128,19128862406,0,1,0x,,4025402,21000,71543,0x,
16451702,1674262175,0x5ee42ebca36ba220110f291cf37a5c9a7ecfe2c70ed2e01b79f8efc35def1f81,4168933,0x3b5c4e3d89755719efc49d960d23271ca853589d4ef5cd7d5d4956e9118b9ef9,48,0x56eddb7aa87536c09ccc2793473599fd21a8b17f,0x4e07e9067c43b68712d97801eec64d0b9329af61,48800000000000000,207128,18233781613,0,1,0x,,4585013,21000,71539,0x,
16451703,1674262187,0x1ef0449c23f6d32006b71380664fafb16816f6c4d22a5b279237b992a3572d52,4168934,0x740b436d5847139bd7f173670442b4e6c04a74830d195ca64f07db044983c2c2,45,0x56eddb7aa87536c09ccc2793473599fd21a8b17f,0xdac17f958d2ee523a2206206994597c13d831ec7,0,207128,17531619422,0,1,0xa9059cbb000000000000000000000000386a331556cc217888dc212151ebee9c8ee50ffd00000000000000000000000000000000000000000000000000000001479d2bd0,,2646394,63221,71538,0xa9059cbb,"transfer(address _to, uint256 _value)"
16451704,1674262199,0xb5523f1ac9eda509f13f83da2038e01adf3aaa7f834ed3e9d25608a85f62dac4,4168935,0x2c810462cd3517e7a3d1d7ae00b80c2c79e02d55ebf1da26999cd661ed8fbfdd,85,0x56eddb7aa87536c09ccc2793473599fd21a8b17f,0x74eab73b7c17a33ea8449d4d7908ab330ac11274,76896100000000000,207128,16939696204,0,1,0x,,7835724,21000,71537,0x,
16451706,1674262223,0x4a5d00f621001ae69d254fc3d9c308596292d3a9d251effab65f97541dbdbc11,4168936,0x8799a0790f1524a8f7d7ee450218096738edc33fa4c766393170be5ee2fbc6a9,69,0x56eddb7aa87536c09ccc2793473599fd21a8b17f,0xdac17f958d2ee523a2206206994597c13d831ec7,0,207128,20480785696,0,1,0xa9059cbb0000000000000000000000007157935ce0d967d9e9633cef93f1432a7f0a520600000000000000000000000000000000000000000000000000000000082a2620,,4707346,46109,71535,0xa9059cbb,"transfer(address _to, uint256 _value)"
16451708,1674262247,0xddfb4aa364e06dfb37bb67c71a3ada1409c65b4003606be5f93063be48dd5e03,4168937,0x27c07fc32d916dcfad4b9f376787e99e9163ecc5a8df1f4fc3ea80b9491c0206,48,0x56eddb7aa87536c09ccc2793473599fd21a8b17f,0x987ac2d3bc2a944d5ab56d54fef536db98f40111,89100000000000000,207128,19284026319,0,1,0x,,2686273,21000,71533,0x,
16451708,1674262247,0xd3bd1460e90e8c8160d56374a057b75ac275d519f13fc4d0e008416adc819cde,4168938,0x27c07fc32d916dcfad4b9f376787e99e9163ecc5a8df1f4fc3ea80b9491c0206,60,0x56eddb7aa87536c09ccc2793473599fd21a8b17f,0x51aaddbca56be084d65dc860ce36e90a146b45c4,20900000000000000,207128,19284026319,0,1,0x,,3343105,21000,71533,0x,
16451709,1674262259,0x20117a12823d7a04d62eb5661e84a02c09fd0422e5030c284b95d87738cfa409,4168939,0x5762b7c265dc27fd398bd3b7250abe8b3247171dc364488fa2cf2b7da86c493d,68,0x56eddb7aa87536c09ccc2793473599fd21a8b17f,0xdac17f958d2ee523a2206206994597c13d831ec7,0,207128,19370509105,0,1,0xa9059cbb0000000000000000000000005a0d1ccb083250345137dceb74481ca25fe94a0d0000000000000000000000000000000000000000000000000000000086326690,,3028318,63209,71532,0xa9059cbb,"transfer(address _to, uint256 _value)"
16451711,1674262283,0x8c7f81cbcc7ca9ccb5c79408e0cd4faf534911d4a815c074958dd686e90a4767,4168940,0x47732735b9c896706a79565b1708423ce3f8acb8dbf28b850a27acc4db366190,41,0x56eddb7aa87536c09ccc2793473599fd21a8b17f,0x722dfd282ee37938c2e4aaa8def24af94cf244f8,34790280000000000,207128,18672861885,0,1,0x,,3809693,21000,71530,0x,
16451712,1674262295,0xafb8d6d3035c0a26dce33a2f36181326c02e3cfd604e4f8edc88d9c5c69c24da,4168941,0x76329bfcd061a11ad400a9f0f88cc013872bd56064c848866b11990e0f3b4245,51,0x56eddb7aa87536c09ccc2793473599fd21a8b17f,0x8058aaea0d222086095b03860aad33fdc4890bc0,411387000000000000,207128,18995569017,0,1,0x,,4258097,21000,71529,0x,
16451714,1674262319,0x05b5924d7d012fdde80f909688137b5d1e3b0609b8d5e9b9b6b08da008a70967,4168942,0x1634e8976d84ef8b2a6962c921c4ab08d2cedbbd8030b1c4c0929b661a1220c9,63,0x56eddb7aa87536c09ccc2793473599fd21a8b17f,0xf584f8728b874a6a5c7a8d4d387c9aae9172d621,1438998800000000000000,207128,17380978209,0,1,0x,,4841032,21000,71527,0x,
16451714,1674262319,0x567863e4bcac541c364a537497ed3490fd6ba4e6391d1b520e7b704187ebe68c,4168943,0x1634e8976d84ef8b2a6962c921c4ab08d2cedbbd8030b1c4c0929b661a1220c9,69,0x56eddb7aa87536c09ccc2793473599fd21a8b17f,0xdac17f958d2ee523a2206206994597c13d831ec7,0,207128,17380978209,0,1,0xa9059cbb0000000000000000000000009507c04b10486547584c37bcbd931b2a4fee9a410000000000000000000000000000000000000000000000000000000aa6f07750,,5063508,46121,71527,0xa9059cbb,"transfer(address _to, uint256 _value)"
16451714,1674262319,0x09591ca9ee55e0ee4673b9d52f9cc40fdc63c4586b9d095d2c9e73a64d604a9b,4168944,0x1634e8976d84ef8b2a6962c921c4ab08d2cedbbd8030b1c4c0929b661a1220c9,98,0x56eddb7aa87536c09ccc2793473599fd21a8b17f,0x4c9e1348651aa2b240c9b8d7277066d6024dc6c2,9998800000000000000,207128,17380978209,0,1,0x,,7295115,21000,71527,0x,
16451716,1674262343,0x1dfc4b5297a67ca7c177e3220f71a24e572a229c9fe2bcc8c357ac0c767c989c,4168945,0x6621e12557564a3e0cfacd82ffca041d44d0462886b472a7ec055f1f9bd6dc7f,33,0x56eddb7aa87536c09ccc2793473599fd21a8b17f,0xe9512f0ce726f0744b520947f1cd9dea6746d7df,601642730000000000,207128,19830586552,0,1,0x,,2128543,21000,71525,0x,
16451719,1674262379,0xbfa2d3271065a05002d534a9ece2321474316bb83ccb8665c252fffbdc941613,4168946,0xd115d7b0589e97b59ebabf3a8e51584e7847c1911e275ef521cc01e42e391ea9,46,0x56eddb7aa87536c09ccc2793473599fd21a8b17f,0xbb1784963e1eab65c59ea9bddbaa6832b7697cf9,56442300000000000,207128,19019680180,0,1,0x,,3810631,21000,71522,0x,
16451721,1674262403,0xd2437a91a498f4ef2b531bb2144d84dfaa3162bf4b6acdac10d7c2af09d584d9,4168947,0xc8fe50336a7e35291c63480d479d4a6dbc7302cbca931a3f7885b9e0c48485f2,15,0x56eddb7aa87536c09ccc2793473599fd21a8b17f,0xdac17f958d2ee523a2206206994597c13d831ec7,0,207128,21113970310,0,1,0xa9059cbb00000000000000000000000088692ea44e098ee7096b7645966d2aa60cbe850a0000000000000000000000000000000000000000000000000000000002c4c550,,1677042,63209,71520,0xa9059cbb,"transfer(address _to, uint256 _value)"
16451724,1674262439,0x50f864f500d1075392bd29b11f385b50d33f6caae61eee473856592bbeab085e,4168948,0xd1a4db63eb7529d3b1e7aaf2af3b2c38cb5137366d8fe54dd6546018cc8b9361,34,0x56eddb7aa87536c09ccc2793473599fd21a8b17f,0xdac17f958d2ee523a2206206994597c13d831ec7,0,207128,22279407290,0,1,0xa9059cbb000000000000000000000000693e8e78fb9fff833eab2886c0caf623163866ff000000000000000000000000000000000000000000000000000000000eeaa5d5,,10070472,63209,71517,0xa9059cbb,"transfer(address _to, uint256 _value)"
16451727,1674262475,0x8922e8c7b069fcac137c301b2d54faf64148ea9e755b91d65b0b084d12673ac0,4168949,0xbe7c41e2773c38af8755a55b4cfaf42214d35fc826f61e5fa743e0e1faac6c11,47,0x56eddb7aa87536c09ccc2793473599fd21a8b17f,0xdac17f958d2ee523a2206206994597c13d831ec7,0,207128,22689944608,0,1,0xa9059cbb000000000000000000000000000b0cad76eb603969b4a362c0e4cf52161bbe720000000000000000000000000000000000000000000000000000000024a1eb08,,3569438,46097,71514,0xa9059cbb,"transfer(address _to, uint256 _value)"
16451729,1674262499,0x79c170fb22a5931aff767d174526078d3486eb0315fcb6821707d1e72e69e4d1,4168950,0xf3ef07f31edac0f951bd5fd6e7d829241d8b4421a8cb73301d63c122ccaf9c45,35,0x56eddb7aa87536c09ccc2793473599fd21a8b17f,0xf6ddbfb2b1e050caa6bee62bd85640eaef0d523b,79038690000000000,207128,20911734434,0,1,0x,,2929795,21000,71512,0x,
16451731,1674262523,0x29d20d00042ab1a962667d03d7c8c1a9e4856d5f49a818bf7991010c9bc07b37,4168951,0xf2120e4797d0a43ba4c2bfa5e6c42e709d9fd7040fb5c88cb3613e8a3849d1aa,24,0x56eddb7aa87536c09ccc2793473599fd21a8b17f,0x7425624dd520d365e9a2e8634eba3aec764c81ac,20913300000000000,207128,22416338119,0,1,0x,,1572662,21000,71510,0x,
16451732,1674262535,0xff5802f4c2b31bca61fe0fdef57407720c7636f3dbdb33816d4013b6f4110de3,4168952,0xad588484dee32a61914564f3a294bb3dca25b22d96290b627a26252701a1d7e7,41,0x56eddb7aa87536c09ccc2793473599fd21a8b17f,0x9f28f49683364bd12a8bc389e951701276cc146f,598800000000000000,207128,21567281144,0,1,0x,,5212805,21000,71509,0x,
16451733,1674262547,0x33cd29cffeec9aa2fc4086c5c3679aa00698f9c8876726deb3fd2aea113bf2d9,4168953,0x293f98946871a87775ff58574f532b06f8f97f2e299794d707f5da9dfcbc4370,55,0x56eddb7aa87536c09ccc2793473599fd21a8b17f,0x8bceaa96ca68cd325305b46f887fa433700c7c04,85120000000000000,207128,21295843820,0,1,0x,,4811626,21000,71508,0x,
16451733,1674262547,0x180ff0796a826aeba2ccef88db8dba9f8d501d6750ea01a53a8eaafeb8c060e3,4168954,0x293f98946871a87775ff58574f532b06f8f97f2e299794d707f5da9dfcbc4370,58,0x56eddb7aa87536c09ccc2793473599fd21a8b17f,0xdac17f958d2ee523a2206206994597c13d831ec7,0,207128,21295843820,0,1,0xa9059cbb000000000000000000000000aee45668a42f1f6babd9d5b2be7ab295cf36cd470000000000000000000000000000000000000000000000000000000009be0c90,,4916835,63209,71508,0xa9059cbb,"transfer(address _to, uint256 _value)"
16451738,1674262607,0xf9c294f4138ad467870b6ab383c4e98c890b283bced8605128675276d1a76512,4168955,0x0bc91fece392453b91107b47c5b088403d0442a39ca4e4fc207650b8fc808037,79,0x56eddb7aa87536c09ccc2793473599fd21a8b17f,0x8eaf56290a7bc6fb847a3a9d51841acc69be9bd7,28641530000000000,207128,22063311795,0,1,0x,,7359977,21000,71503,0x,
16451739,1674262619,0x45a7fa8ad86b30c8b9f8694ff5b6da024cbd28b718a4aaf5669781492aaa1f2e,4168956,0x02b82cce3431f409d389ca738052d3c4557a33f1c29717126f1e69a5db20c7e9,51,0x56eddb7aa87536c09ccc2793473599fd21a8b17f,0xb8518a3b3352d23863009d3caed37246c91b0e9d,67268350000000000,207128,23478473814,0,1,0x,,4601945,21000,71502,0x,
16451741,1674262643,0x59b224e39c8568ddab73d670741be5d6bd4825b3212cee55f631ea1e0a6043c1,4168957,0x27b8b166edf7fff8392601cd658c13742a744016f96d49c3c0adac8066582c4f,52,0x56eddb7aa87536c09ccc2793473599fd21a8b17f,0xe9a70e3a4a83a9d728ef3535a22d39631d2abcfd,88425600000000000,207128,22201089225,0,1,0x,,4865349,21000,71500,0x,
